user_id,email,first_name,last_name,date_of_birth,registration_date,country,city,tier,is_active,last_login
592f1ad1-1a05-4483-b9d7-8c9381a4f05b,bsparks@example.com,Nancy,English,1950-06-22,2024-09-22 23:36:41,Mauritania,Roachmouth,bronze,True,2024-10-16 06:46:27
87d68385-37ef-49cd-a4f3-35434872623e,ymiller@example.com,Stephen,Johnson,2007-05-18,2025-01-08 22:55:45,Solomon Islands,Lake Cynthia,bronze,True,2025-03-05 19:11:52
bc7b64ba-e9cb-4be1-825b-ca21bf21d329,ssmith@example.com,Christopher,Rasmussen,1957-03-12,2024-03-11 00:45:12,Cyprus,Thomasstad,gold,True,2024-05-19 18:52:10
e1dbcfe2-900e-46b9-99f4-5b36d82ddc1c,rhonda56@example.net,Jennifer,Rivera,1982-07-12,2024-08-18 08:57:38,Niger,East Matthewmouth,bronze,False,
d5bd8c89-57ac-459f-aa97-62cdbc3f47b8,gregory76@example.org,Andrea,Smith,2003-12-07,2024-08-16 17:54:57,Macao,East Kevin,silver,True,2025-02-08 20:58:09
5d99890b-67b3-4dee-8e52-de100b522cb9,ericawalter@example.com,Cassandra,Walls,1993-09-15,2025-02-16 08:10:55,Lesotho,Salinasstad,gold,True,2025-03-21 03:15:58
88b2f469-01ed-432c-b3e8-c4249f8b56fe,ellisonrandall@example.org,Jessica,Miller,1946-12-20,2025-05-26 22:46:32,Cocos (Keeling) Islands,Lake Jason,bronze,False,
8a390f23-f7b2-4ccf-a1a5-1e9801a789ec,maria06@example.com,Mark,Willis,1987-03-06,2024-01-14 04:13:17,Myanmar,Lake Markside,bronze,False,
bee89a0f-a869-489a-a4ed-e370c523b269,linda61@example.org,John,Short,1977-12-12,2023-11-08 01:59:19,Turks and Caicos Islands,Michaelmouth,bronze,False,
fa8e0f7d-606b-42d3-9338-798598c894c0,robyngonzales@example.org,Anthony,Bowen,1979-10-24,2023-09-02 12:54:53,Belize,Josephbury,bronze,True,2024-05-04 13:42:07
e36deb67-6086-4424-b0d0-60feb6e63c58,mcooley@example.org,Nicole,Erickson,1952-04-29,2024-06-30 14:23:56,Thailand,New Christopher,silver,True,2025-01-28 23:17:42
7706d9d2-4e8e-497e-95e1-64e11967e16a,jacksonelizabeth@example.com,Jenna,Crawford,1987-12-20,2024-03-16 07:04:31,Philippines,North Amandaville,bronze,True,2025-01-02 08:00:59
573978a8-d57b-4896-a8bd-2efc765d9526,johnny37@example.org,Justin,Foley,1989-08-15,2024-10-01 16:36:38,Uruguay,North Michellefort,bronze,True,2025-03-30 15:45:48
2e39e8f5-e99c-4ffb-8e1a-526a1ba43054,mary00@example.net,Vicki,Cruz,1984-07-31,2024-06-11 00:24:12,Zimbabwe,South Keith,platinum,True,2025-06-05 18:50:38
2852c15b-480c-410a-b89f-576e6fb9c5d2,christopher17@example.com,Lisa,Mitchell,2003-08-21,2024-10-14 19:10:08,Chad,Robertsburgh,bronze,True,2024-11-17 12:53:21
ba431422-fedb-4f6d-860c-bb94701120fd,younghannah@example.org,Robert,Brown,1954-01-07,2023-11-24 12:36:28,Iceland,Johnsonburgh,bronze,False,
dd482bfb-7d40-4553-8644-f0a13bc6a439,deniseritter@example.com,Linda,Wilcox,1970-10-11,2023-08-27 07:17:57,Uzbekistan,South Tina,platinum,True,2025-05-21 17:19:07
b7bc4229-67d2-4721-9fa3-13eba7cab815,richard04@example.net,Rachel,Cooke,2000-09-18,2023-09-07 06:24:58,Iran,Marcusfurt,bronze,True,2024-12-12 09:06:11
4e46253c-dde0-46be-9c64-2de19eef84d0,amandadunn@example.org,Tonya,Todd,1948-04-07,2024-08-24 22:31:54,United States Virgin Islands,Port James,silver,False,
4eaee271-91cb-4d56-b145-fa4f762372ad,wmartinez@example.org,Kathleen,Young,1955-03-21,2025-02-25 00:55:09,Spain,Cunninghambury,bronze,True,2025-04-29 17:32:22
f15b83c7-ff3c-4c0e-9af7-0d198d4db1a1,vegachristopher@example.com,Theresa,Cohen,1989-06-18,2023-10-15 22:45:54,Togo,Lake Christopherhaven,silver,True,2025-01-01 03:02:00
02019077-f7a6-4dec-ac32-89096d10aac6,marissabecker@example.org,Debbie,Smith,1971-05-26,2025-06-26 23:01:57,France,Lake Earl,gold,True,2025-07-11 18:58:36
39726a74-8ae5-4831-a36e-560344917990,judychristian@example.com,Nina,Lucero,1977-10-18,2024-04-05 13:53:37,Congo,Lake Brianfort,bronze,False,
566cf720-8791-4b44-837a-187d0b5ea884,bgreen@example.net,Danielle,Robbins,1960-05-17,2024-11-24 20:13:06,Cameroon,Jamesport,silver,True,2025-01-16 20:09:01
25f4a622-637b-4ad7-b651-7347b5b51f87,ipatel@example.com,Patricia,Armstrong,1975-05-23,2024-07-28 01:05:57,Chad,Johnsonton,bronze,True,2025-06-05 08:56:36
4339e03e-cb98-4086-9aec-161acedf662e,tylerhughes@example.org,Luis,Garner,1986-05-13,2025-05-19 08:37:46,United States Minor Outlying Islands,Clintonport,bronze,True,2025-07-06 08:15:24
4be67afa-37c9-4d81-b2d0-7b439999a33f,sirwin@example.com,Jill,Berg,1976-06-19,2024-05-18 16:16:42,Western Sahara,Whiteburgh,silver,True,2025-03-02 22:50:16
77c9e145-4a83-4ff8-b8a5-bac7a58af52f,caitlin06@example.com,Larry,Casey,1986-11-18,2023-09-17 20:23:05,Nigeria,Port Hunter,silver,False,
fc5fc9fe-a3b8-4b9d-83ab-d08cc3c1c5af,jessicaking@example.com,Samantha,Berry,1950-01-26,2025-03-21 18:46:08,Malta,Hudsonchester,bronze,False,
c83233b0-38b1-49a0-b2c8-d4e7fb511946,xmueller@example.net,Christy,Hawkins,1982-08-18,2025-02-25 15:03:51,Cayman Islands,North Tanya,bronze,True,2025-05-22 16:22:04
c66c5f1e-e8ed-4e94-b7fc-268a37dce340,ashley59@example.org,Richard,Price,2002-10-17,2023-09-22 07:30:03,Jamaica,Lake Marialand,bronze,True,2024-12-29 05:53:11
e8dbda01-20c4-4e68-a0ea-0808e9a3e2c8,karenflores@example.com,Rachel,Porter,1972-10-04,2023-10-17 20:47:38,Martinique,North Melissa,bronze,True,2025-06-04 04:21:44
dd48b32a-3abc-4744-8aa4-f4c74d43df72,todd25@example.com,Donald,Johnson,2000-12-30,2025-04-09 11:55:07,Malta,Jasminefort,silver,True,2025-06-21 21:54:27
ae62e9a8-e458-48ec-9026-2ce0286b05f7,ricardoanderson@example.com,Anthony,Chan,1947-03-26,2024-06-24 22:00:11,Martinique,Jimborough,silver,True,2025-02-15 09:03:18
e81ca5a6-7d2f-4515-9ac0-6c20109a10de,leslie98@example.com,Brian,Bradshaw,1991-10-17,2023-11-12 19:45:51,Malta,New Brittneyhaven,bronze,True,2024-02-01 13:06:11
be890dda-2548-4000-a0f7-b75c79deb0bd,ashleytaylor@example.com,Jasmine,Davis,1963-02-18,2023-07-20 16:13:54,Palau,Brendaview,bronze,True,2024-09-03 21:10:32
8187b5ab-1bda-4616-9f61-bf560c2c8862,conwaysean@example.com,Erin,Herrera,1976-06-24,2024-08-14 21:26:08,French Polynesia,New Randall,silver,True,2025-04-03 17:54:16
ae899a87-2f97-452b-9e42-db48a96c5ad4,hdavis@example.org,Darren,Richardson,1997-08-16,2024-05-18 06:34:55,Grenada,East Melanie,gold,True,2024-12-13 12:35:08
5fe07f88-33d3-4d93-ae8b-0fab1fbbba82,greenangela@example.net,April,Patrick,1993-02-24,2023-11-30 06:07:50,Thailand,Lake James,bronze,True,2024-06-12 19:33:35
06145caa-be50-4534-a56a-bf32edfcd9ed,rogersbridget@example.net,David,Austin,2001-12-18,2024-07-11 18:18:30,Denmark,Hartmanfurt,gold,True,2024-08-21 22:04:57
061d96cf-aa16-4e44-ab52-88d9f63a24f5,michellemunoz@example.org,Jennifer,Joseph,1959-08-17,2024-07-09 04:19:17,Latvia,Christophershire,bronze,True,2024-07-29 02:18:58
2b5f3b35-30ca-4b1e-a12a-1e6849372ad2,wendy47@example.com,Lori,Green,1975-08-02,2023-09-05 21:14:07,United States Virgin Islands,Michaelborough,silver,True,2024-09-11 11:01:21
8d50b77e-ec6c-4602-b141-174ee1887934,kayla83@example.com,Olivia,Jimenez,1996-07-15,2024-11-26 13:31:35,Serbia,Debrafurt,bronze,True,2025-06-15 10:24:59
483dc545-4793-4723-8201-61a007538c1c,chapmancory@example.org,Carlos,Bentley,1979-08-09,2024-02-15 19:21:53,Bouvet Island (Bouvetoya),East Maria,silver,True,2025-02-22 18:05:54
710b10e9-5900-4ad7-8c89-d00951a887ea,greenerin@example.net,James,Hernandez,1954-12-12,2023-09-09 14:58:03,Tuvalu,Davidstad,bronze,True,2024-11-09 21:28:47
8a6c1fe3-c2c8-45a3-8007-209d1127f24b,bellrandy@example.com,Eric,Burgess,1977-06-24,2025-03-21 18:49:50,Brunei Darussalam,Leehaven,bronze,True,2025-05-23 04:24:22
7d8124aa-78f5-45a0-b357-090a84c227e5,ashleyjensen@example.org,Jorge,Bowen,1947-02-18,2025-05-29 15:02:22,Turkmenistan,West Kristinside,bronze,False,
e4403ae9-4cda-4b03-8262-2ff233f65d91,wduran@example.org,Timothy,Miles,1977-04-27,2024-06-26 11:37:30,Myanmar,Beasleybury,gold,True,2025-06-24 03:37:11
cb25d97b-4c71-41c3-a8c3-eb3d1dc25821,christinasmith@example.net,Catherine,Jackson,2004-10-24,2024-11-02 22:58:33,Bangladesh,North Hannahport,bronze,True,2025-03-02 23:00:32
7c1a5c0b-e2bf-4327-ae68-aa7906b35fa5,kingtravis@example.com,Andrew,Hamilton,1999-08-12,2025-06-20 09:04:21,Luxembourg,Michaelmouth,gold,True,2025-06-22 03:06:38
9b481a45-2822-489a-b0fa-3594e6a3d382,michaelrivera@example.net,Amanda,Washington,1971-08-18,2025-04-12 11:27:54,South Africa,Hillburgh,gold,True,2025-05-08 15:51:00
343ba1a7-7491-496b-b0f5-a3793799ca84,wrightangela@example.org,Allison,Pierce,1983-01-18,2025-03-05 18:45:33,Malta,Lake Masonbury,silver,True,2025-07-13 23:35:16
0a9c314b-2179-4e02-a609-29e271ddb38b,danielsjessica@example.com,David,Evans,1964-01-19,2025-05-30 11:38:15,Trinidad and Tobago,Dannyborough,gold,True,2025-06-03 09:07:03
bf8326f4-215b-4327-9a2d-e8622eeb6e59,daniellewallace@example.net,Jessica,Perez,2002-08-28,2024-08-07 09:37:03,Turkey,Huertashire,bronze,False,
2b77dc90-ca9b-438d-b30c-014145c6e629,brettrobertson@example.net,Ralph,Nelson,1990-12-20,2024-06-27 05:25:07,Liberia,Port Monica,bronze,True,2024-10-11 14:52:40
09961a46-e2ad-45b1-93f6-9ee644a368b0,dianamartinez@example.com,Brenda,Graves,1980-09-08,2025-02-05 16:37:49,Iraq,Morrisfort,bronze,True,2025-07-02 22:53:36
9f481c4e-c814-49f0-82e3-9f368cd60e4a,kristie04@example.net,Margaret,Harris,2006-10-19,2024-06-14 18:51:44,Qatar,North Ryan,bronze,True,2024-09-18 18:18:50
454b689c-74fa-4867-921f-c0e1f25c92c5,felicia32@example.com,Cody,Scott,1948-08-01,2024-10-21 04:06:21,Saint Pierre and Miquelon,North Amyfort,bronze,True,2025-04-28 08:45:43
1d913ab2-b945-4e94-a4a4-4ad55c53e28c,meganwatkins@example.com,Samantha,Garcia,1946-04-02,2024-03-23 15:46:19,Serbia,Alexandraville,bronze,False,
aee33517-b694-488c-948e-c1be0f923aa2,whitemelanie@example.com,Jennifer,Hawkins,1997-03-04,2023-10-27 05:02:58,Malta,New Jasonfurt,bronze,True,2025-03-27 19:53:17
332ef0bc-bb50-4c2d-83d4-4c1f67a455a5,vmaldonado@example.net,Robin,Brooks,1974-12-15,2025-03-17 20:01:11,Lebanon,Andersonmouth,bronze,True,2025-06-09 16:28:58
95e53944-0dbe-4228-a8e2-c4e1b3852be9,rileykristen@example.com,Joshua,Frey,1968-06-19,2024-09-25 20:30:59,United Kingdom,North Amberville,bronze,True,2025-06-12 11:35:49
7e155b59-f558-4b69-b50f-df7aacb112ae,kochmatthew@example.com,Chad,Douglas,2001-01-26,2024-06-22 19:48:44,Turkey,Port Dawntown,bronze,True,2024-06-29 21:53:47
5bc94ca9-4918-4707-a95f-20045f2721ac,gregorytina@example.org,Christina,Flores,1948-02-09,2024-09-23 10:51:14,Bahrain,Smithstad,bronze,False,
a9f347a9-8551-4589-b891-2d28906b670b,nyates@example.net,Christina,Ortiz,1983-10-17,2024-09-06 20:55:00,Italy,Lake Kathleen,silver,True,2025-02-28 04:40:16
e1eba8c0-01e2-4173-9e42-09e6486e3d1c,briansmith@example.com,Robert,Perez,1963-06-14,2024-05-29 03:47:25,Turks and Caicos Islands,Adamland,gold,False,
29cda080-5d38-4f73-959e-20741cdff735,csolomon@example.org,Danielle,Daniels,1986-05-16,2024-09-08 16:34:49,New Zealand,Hobbsside,bronze,False,
51f1ff77-baa3-45f2-abc0-8d1ae9d61889,isaiahclark@example.com,Stephanie,Johnson,1968-01-29,2025-03-30 04:16:30,Paraguay,Port Susanfort,bronze,False,
d02d56da-f809-4691-a8c3-e18828d0dce4,laurieward@example.com,Michelle,Townsend,1952-04-03,2024-10-11 06:04:39,United Arab Emirates,North Mariahborough,gold,True,2024-11-30 00:26:40
d2b7e636-844b-4593-a8a0-8f5525da1286,emiller@example.com,Joshua,Jones,2003-07-03,2025-06-22 11:21:44,American Samoa,Thomasville,platinum,True,2025-06-27 23:37:16
661c9aea-b1c6-4d6c-ab86-350df0ff8425,erica43@example.net,Michael,Willis,1996-11-21,2023-07-18 18:20:45,Panama,Davidmouth,bronze,False,
d51dee06-c88f-41c4-9409-eae691aa16c6,dcosta@example.net,Ariana,Murray,1988-04-10,2024-03-10 09:03:40,Italy,Susanmouth,bronze,True,2024-05-10 02:19:24
7eea7f7b-d61e-4a0b-89be-865094a0a51f,juliamiller@example.net,John,Skinner,1947-10-11,2023-10-14 00:22:30,United Kingdom,East Erinport,gold,True,2024-06-07 02:03:42
ae234083-c718-4cec-a390-2a239958c1c9,washingtonerin@example.net,Samuel,Johnson,1995-04-25,2024-12-15 09:23:23,Indonesia,Duaneside,gold,True,2025-04-04 02:58:17
300a2e8e-644a-469a-b769-988b1eb51bb3,milleramanda@example.org,Darlene,Woodward,1981-01-06,2024-02-08 07:19:26,Iraq,North Nancymouth,silver,True,2024-04-03 16:13:18
a39dc1a5-5709-487e-95f5-448d633fb6de,campbellvicki@example.com,Crystal,Hamilton,1988-07-20,2024-11-27 10:02:41,Guinea-Bissau,Andreafurt,gold,True,2025-07-06 15:49:13
5b04601b-32ad-4471-9e3a-7126f1e0c980,brandiharris@example.net,Mary,Mills,1956-08-04,2025-03-07 17:39:56,Trinidad and Tobago,New Becky,bronze,False,
29b7264f-c73d-4fd2-b6b8-c8183a489285,brianna00@example.com,Brandon,Wilson,1952-11-04,2024-01-19 21:39:33,Yemen,North Davidstad,gold,True,2024-06-16 12:10:14
e7a9e70c-c1df-4295-801f-2cefc45937a7,eadams@example.net,Crystal,Hopkins,2003-04-17,2024-02-19 19:17:15,Suriname,Patriciaberg,bronze,True,2024-07-16 13:13:18
f572d2d4-2008-428e-b2fc-42896eeb070a,jennifer17@example.com,Stephen,Jones,1970-10-24,2024-02-01 07:12:51,Israel,New Christopherhaven,gold,True,2024-06-08 01:26:04
670d429c-2a6e-48cd-a44c-ca852df9840e,brownbrent@example.net,Shawn,Pierce,1965-02-15,2025-03-23 09:16:35,Taiwan,Lawrencebury,bronze,False,
37ad598c-e3d1-44d0-addc-ac43916cef6a,sandra76@example.net,Dylan,Torres,1962-04-01,2024-03-24 06:15:58,Kiribati,Matthewmouth,bronze,True,2025-03-20 10:57:07
4846c2b4-91b9-48b1-97c2-4ba0483a061d,rita07@example.com,Ashley,Green,1955-06-04,2025-04-17 21:01:30,Montenegro,New Eric,silver,True,2025-07-08 06:59:33
def3f267-c69f-44eb-899b-853ddeeaddf8,thompsondiane@example.com,Brian,Stone,1988-12-21,2024-10-23 02:54:35,Russian Federation,Lake Mary,silver,True,2025-01-30 07:07:56
f87a46d9-d302-4836-b95a-353d33e81d78,jonathansnow@example.net,Emily,Bennett,1975-09-15,2024-02-24 17:20:35,Serbia,West Sabrinaside,bronze,False,
caa900bf-2b39-4033-b14f-bcbbdd659c53,daniellenielsen@example.com,Jeffrey,Mcclure,2001-10-15,2023-07-25 15:56:17,Bangladesh,West Raymond,silver,True,2024-03-01 07:35:23
62fbc252-40ab-408b-b623-4a8f76b75bb8,christopher37@example.com,Anthony,Horton,1977-07-06,2024-05-20 20:37:44,Macao,West Amber,silver,True,2024-07-03 08:49:12
73bf6698-8630-401f-ac75-9cbb18a6d305,rsanders@example.com,Sara,Keith,1967-06-26,2024-09-19 12:28:09,Cameroon,South Christine,silver,True,2024-10-22 02:45:03
f3345d08-b7dc-465a-ae95-468bb594a690,mistymcfarland@example.net,Michael,Alexander,1946-02-15,2025-03-23 04:23:47,Bolivia,East Amandaland,bronze,True,2025-05-05 17:42:41
405d5429-2645-4722-914f-e5e2408e5248,gregorysmith@example.com,Kelly,Meza,1961-09-08,2024-05-16 10:45:18,South Georgia and the South Sandwich Islands,South Clinton,gold,True,2025-06-08 16:51:16
e81745f2-0d4d-4bce-b98d-0a3f95f542f6,sclark@example.com,Anthony,Downs,1948-06-08,2024-08-02 08:18:32,Uruguay,Villabury,silver,True,2025-02-14 20:35:16
48af2bdf-82f5-4b3a-9ff2-5f720dbe6008,jordan56@example.org,Shane,Rodriguez,1960-11-27,2024-07-13 07:41:56,Guatemala,Bullockfort,bronze,True,2024-08-07 09:14:32
88d31642-d254-4e0c-ab7b-cd6f47f2ec6d,greenejoseph@example.com,Amber,Little,1949-07-06,2024-03-15 07:02:07,Turks and Caicos Islands,North Joseph,bronze,False,
c7237237-0f18-4af8-8d15-3b29343c42c8,tara06@example.net,Shawn,Williams,2004-07-30,2025-04-07 08:26:15,Saudi Arabia,North Jesse,bronze,True,2025-04-25 21:40:12
432ef9c1-057b-42c1-892f-97437ece7799,bradleywilson@example.com,Alex,Johnson,1986-01-17,2024-04-24 00:21:05,United States of America,Hannahtown,silver,False,
72ec47d5-8542-452f-8c91-c3caa687d0d7,paulbrown@example.com,Ronnie,Romero,1950-10-21,2024-07-20 21:39:39,Brunei Darussalam,South Jacqueline,silver,False,
31eb9fc2-eb02-4e00-bc63-1d2ad489267a,ncarrillo@example.net,Christy,Rodriguez,2003-07-09,2025-03-20 02:31:14,Micronesia,Castrohaven,bronze,True,2025-06-07 14:19:13
0e184578-df52-4786-86f7-ccc3876b1eae,hodgejason@example.org,Tara,Brown,1991-03-23,2024-06-27 00:48:20,North Macedonia,South Robert,bronze,True,2025-03-28 01:29:21
779d6ec2-512f-4cfd-a8b7-dc36d68d8f1d,ywilliams@example.net,Claudia,Harris,1980-06-01,2025-01-16 11:54:05,Zambia,Jimenezfurt,bronze,True,2025-06-27 17:21:14
02f024cb-9357-49d9-bdce-634c5486ef29,pecksarah@example.net,Teresa,Johnson,1971-02-28,2025-03-25 12:16:10,Slovenia,Rosalesmouth,bronze,True,2025-04-04 05:23:47
